old,new
A. Stephens Sloane, Sloane Stephens
Adina Cristian Jaqueline, Jaqueline Adina Cristian
Agustin Tirante Thiago,Thiago Agustin Tirante
Alexandru Tomescu Dan,Dan Alexandru Tomescu
Alison Riske,Alison Riske Amritraj
Andrei Dancu Vlad,Vlad Andrei Dancu
Andres Burruchaga Roman,Roman Andres Burruchaga
Anna Schmiedlova Karolina, Anna Karolina Schmiedlova
Annie Fernandez Leylah, Leylah Annie Fernandez
Bautista Torres Juan, Juan Bautista Torres
Camila Osorio Serrano Maria, Camila Osorio
Carlos Alcaraz Garfia, Carlos Alcaraz
Caty McNally,Caty Mcnally
Christina McHale,Christina Mchale
Christopher O'Connell,Christopher Oconnell
Cristian Jianu Filip, Filip Cristian Jianu
Danielle Collins, Danielle Rose Collins
Danielle Rose Collins,Danielle Collins
Darya Kasatkina,Daria Kasatkina
Divna Ratkovic,Divna Ratkovic
Elahi Galan Daniel,Daniel Elahi Galan
Fco. Vidal Azorin Jose, Jose Fco Vidal Azorin
Felipe Meligeni Rodrigues Alves, Felipe Meligeni Alves
Ferreira Silva Frederico,Frederico Ferreira Silva
Georgiana Serban Raluca,Raluka Serban
Greetje Minnen,Greet Minnen
Harry Fritz Taylor, Taylor Fritz
Hsin Tseng Chun, Chun Hsin Tseng
Ignacio Londero Juan, Juan Ignacio Londero
Irina Begu, Irina Camelia Begu
JC Aragone,Jc Aragone
Jeffrey John Wolf,J J Wolf
Jo Wilfried Tsonga,Jo-Wilfried Tsonga
John Wolf Jeffrey, Jeffrey John Wolf
Jose Gutierrez Oscar,Oscar Jose Gutierrez
Kenny de Schepper, Kenny De Schepper
Kumar Mukund Sasi,Sasi Kumar Mukund
Lesya Tsurenko, Lesia Tsurenko
Leylah Annie Fernandez,Leylah Fernandez
Ludmilla Samsonova,Liudmila Samsonova
Maarten Jong Alexander,Alexander Maarten Jong
Mackenzie McDonald, Mackenzie Mcdonald
Manuel Cerundolo Juan, Juan Manuel Cerundolo
Marco Moroni Gian, Gian Marco Moroni
Maria Bara Irina, Irina Maria Bara
Maria Tig Patricia,Patricia Maria Tig
Martin Etcheverry Tomas, Tomas Martin Etcheverry
Matthieu Perchicot, Mathieu Perchicot
McHugh, Mchugh
Milan Zekic, Miljan Zekic
Moura Monteiro Thiago, Thiago Monteiro
Pablo Ficovich Juan, Juan Pablo Ficovich
Pablo Varillas Juan, Juan Pablo Varillas
Roberto Cid Subervi,Roberto Cid
Sorana-Mihaela Cirstea, Sorana Cirstea
Teimuraz Gabashvili,Teymuraz Gabashvili
Tomas Barrios Vera Marcelo,Tomas Barrios Vera
Tung lin Wu,Tung Lin Wu
Vanessa Andreescu Bianca,Bianca Andreescu
Victor Cornea Vlad, Vlad Victor Cornea
Viktoria Azarenka, Victoria Azarenka
Woo Kwon Soon, Soon Woo Kwon
Xinyu Wang, Xin Yu Wang
